{
  "hombre": {
    "0": 0.000437300278428872,
    "1": 0.000563992939940868,
    "2": 0.000576383623429004,
    "3": 0.000549780592481878,
    "4": 0.000522404695396618,
    "5": 0.000456330491153548,
    "6": 0.00041817116882233,
    "7": 0.000398488619706261,
    "8": 0.000393809589516497,
    "9": 0.000402388813924605,
    "10": 0.0004348265527733,
    "11": 0.000461216199879495,
    "12": 0.000492367813985567,
    "13": 0.00052351717797749,
    "14": 0.000554676927824327,
    "15": 0.000585648475446391,
    "16": 0.000615781917608158,
    "17": 0.000651029993894409,
    "18": 0.000677332274261437,
    "19": 0.00070776175510679,
    "20": 0.000735405383692664,
    "21": 0.000760101025845621,
    "22": 0.000789195020022676,
    "23": 0.000809014385704779,
    "24": 0.000833803741391911,
    "25": 0.000857132614859078,
    "26": 0.000879533052853888,
    "27": 0.00090134754761063,
    "28": 0.000930247171156133,
    "29": 0.000959443558162452,
    "30": 0.000989572579562355,
    "31": 0.001027854862591743,
    "32": 0.001060973325634904,
    "33": 0.001109698365663396,
    "34": 0.001153861816839632,
    "35": 0.0012071989244659,
    "36": 0.00127026426894675,
    "37": 0.001335819807031317,
    "38": 0.00140412705860311,
    "39": 0.00148191677039098,
    "40": 0.00156244844295562,
    "41": 0.001652489796265232,
    "42": 0.001752173206546836,
    "43": 0.001854182094835478,
    "44": 0.001965534542704829,
    "45": 0.002086474261834015,
    "46": 0.002208940088504593,
    "47": 0.002348311958127765,
    "48": 0.002489275778214911,
    "49": 0.002639590239634026,
    "50": 0.002806500244174917,
    "51": 0.002974875805607312,
    "52": 0.003160293026408226,
    "53": 0.003355160023822743,
    "54": 0.003558931761533576,
    "55": 0.003780262711381428,
    "56": 0.004014083373775099,
    "57": 0.004258962528084851,
    "58": 0.00452289048295718,
    "59": 0.004806125481571831,
    "60": 0.00511740054815959,
    "61": 0.005440074334478347,
    "62": 0.005791398223241936,
    "63": 0.006171763410337909,
    "64": 0.006572927302508008,
    "65": 0.007012520797333016,
    "66": 0.007482349693482204,
    "67": 0.007991581764987946,
    "68": 0.008533152776554033,
    "69": 0.009113993430520932,
    "70": 0.009744668456601598,
    "71": 0.010425855030407096,
    "72": 0.011158236252157781,
    "73": 0.01195320689849591,
    "74": 0.012808340672777396,
    "75": 0.013726044354255123,
    "76": 0.014674896446375343,
    "77": 0.01570059209344118,
    "78": 0.016801207594187063,
    "79": 0.017983334142298184,
    "80": 0.01924636558621615,
    "81": 0.020607947535563394,
    "82": 0.02206113767045606,
    "83": 0.023629861094389137,
    "84": 0.025316561709019865,
    "85": 0.02713753701976411,
    "86": 0.029093775559942206,
    "87": 0.03121847044492014,
    "88": 0.03352313005672816,
    "89": 0.03601034161261551,
    "90": 0.04229487362442031,
    "91": 0.048614223475905036,
    "92": 0.056919201541028634,
    "93": 0.06672077440982646,
    "94": 0.07822780632765648,
    "95": 0.09172789502657107,
    "96": 0.10756564214072008,
    "97": 0.12614663773239093,
    "98": 0.14793882733098082,
    "99": 0.17352201358211206,
    "100": 0.21162,
    "101": 0.24718,
    "102": 0.2887,
    "103": 0.33721,
    "104": 0.39386,
    "105": 0.46003,
    "106": 0.53731,
    "107": 0.62758,
    "108": 0.73302,
    "109": 0.85616,
    "110": 1.0
  },
  "mujer": {
    "0": 0.000245571341250312,
    "1": 0.0003274986646937,
    "2": 0.00030412935698214,
    "3": 0.000279206925135954,
    "4": 0.000256563346044127,
    "5": 0.000244006858148951,
    "6": 0.000224361795439971,
    "7": 0.000210726895111196,
    "8": 0.000202883701397081,
    "9": 0.000200625523197395,
    "10": 0.000203721594490155,
    "11": 0.000209954756112987,
    "12": 0.000219203615801392,
    "13": 0.000228429159185128,
    "14": 0.00023587534579276,
    "15": 0.00024059051867653,
    "16": 0.000242205062702572,
    "17": 0.000241010737803258,
    "18": 0.000237564215914342,
    "19": 0.000232666638240134,
    "20": 0.000232604016222186,
    "21": 0.000226762726923654,
    "22": 0.000221284802694342,
    "23": 0.000216533078208772,
    "24": 0.000212687545359282,
    "25": 0.000209891430526814,
    "26": 0.000213156669518965,
    "27": 0.000212561300851442,
    "28": 0.000212999843606565,
    "29": 0.000219369261499081,
    "30": 0.000221672086700998,
    "31": 0.000229897280599766,
    "32": 0.000233742526573603,
    "33": 0.000243462975278218,
    "34": 0.000248468205053698,
    "35": 0.000259422048669576,
    "36": 0.000270885124216919,
    "37": 0.000282845553360378,
    "38": 0.000289296321723511,
    "39": 0.00030187810182794,
    "40": 0.000320904219485102,
    "41": 0.000334112119687276,
    "42": 0.000347477460238838,
    "43": 0.000367492456270535,
    "44": 0.000381131988441813,
    "45": 0.000401496596571776,
    "46": 0.000422089864016669,
    "47": 0.000442744776394966,
    "48": 0.000463535382447607,
    "49": 0.00049150806112233,
    "50": 0.000512381364817908,
    "51": 0.000540570015414696,
    "52": 0.000576420089036834,
    "53": 0.000604897579731772,
    "54": 0.000648603444784357,
    "55": 0.000684965057500683,
    "56": 0.000728311515949341,
    "57": 0.000780007616321362,
    "58": 0.000832244581610036,
    "59": 0.000893162173998495,
    "60": 0.000962814512020855,
    "61": 0.001033358362710818,
    "62": 0.001120930414085972,
    "63": 0.00121774493352624,
    "64": 0.001332148108765813,
    "65": 0.001456252312395252,
    "66": 0.001598518780585303,
    "67": 0.001767632539329099,
    "68": 0.001955718581108316,
    "69": 0.002171891063146023,
    "70": 0.002424606733960053,
    "71": 0.002714850173132269,
    "72": 0.003052390544681253,
    "73": 0.003445995672113272,
    "74": 0.00391460771540691,
    "75": 0.004460301302428001,
    "76": 0.005091203764363584,
    "77": 0.005841684402599462,
    "78": 0.006729010869583739,
    "79": 0.007785113946165516,
    "80": 0.009064084530305026,
    "81": 0.010604661446298453,
    "82": 0.012475114560078639,
    "83": 0.014746958009730478,
    "84": 0.017528519802820306,
    "85": 0.02093331308499645,
    "86": 0.025127669761367547,
    "87": 0.03032074122835754,
    "88": 0.036755207383947594,
    "89": 0.0447517210201134,
    "90": 0.06061603647317045,
    "91": 0.07661226987932675,
    "92": 0.08775159628946419,
    "93": 0.10039195070112772,
    "94": 0.11486128329392126,
    "95": 0.13143953254055996,
    "96": 0.1504337360443948,
    "97": 0.17220921446834778,
    "98": 0.19712025059088642,
    "99": 0.22567230071675592,
    "100": 0.26814,
    "101": 0.30586,
    "102": 0.34889,
    "103": 0.39798,
    "104": 0.45396,
    "105": 0.51782,
    "106": 0.59067,
    "107": 0.67377,
    "108": 0.76855,
    "109": 0.87667,
    "110": 1.0
  },
  "tasa_mejora_anio": 2023,
  "_meta": {
    "fecha_actualizacion": "2024-01-01",
    "fuente": "Excel fuente EMSSA-09 tasa mejora 2023"
  }
}